{
    "providers": [
        {
            "type": "bitmap",
            "file": "minecraft:custom/a1.png",
            "ascent": 70,
            "height": 150,
            "chars": ["\uE001"]
        },
        {
            "type": "bitmap",
            "file": "minecraft:custom/tab1.png",
            "ascent": 10,
            "height": 10,
            "chars": ["\uE002"]
        },
        {
            "type": "bitmap",
            "file": "minecraft:custom/tab2.png",
            "ascent": 10,
            "height": 10,
            "chars": ["\uE003"]
        }
    ]
}